url_path,views_total,views_unique
/grp-bork/nevermore_profiler/commits/main/nevermore/modules/profilers/gffquant.nf,5,1
/grp-bork/nevermore_profiler/pull/3/changes,5,1
/grp-bork/nevermore_profiler,3,1
/grp-bork/nevermore_profiler/commits/main,3,1
/grp-bork/nevermore_profiler/pull/3,3,1
/grp-bork/nevermore_profiler/commit/7a613d63d5690f1a1c5f6e91734ea51ba7f28b1b,2,1
/grp-bork/nevermore_profiler/commit/7b9c2d0668ba18ff3456b4e1f301aec3677faa17,2,1
/grp-bork/nevermore_profiler/blob/447bfca872b5184ca0410f10b2cea8c31ac2d151/nevermore/modules/profilers/gffquant.nf,1,1
/grp-bork/nevermore_profiler/blob/main/config/params.yml,1,1
/grp-bork/nevermore_profiler/blob/main/config/run.config,1,1
